{"cameraMode":{"drawMode":0,"name":"Shaded","section":"Shading Mode"},"sceneLighting":false,"audioPlay":false,"sceneViewState":{"m_AlwaysRefresh":false,"showFog":true,"showSkybox":false,"showFlares":true,"showImageEffects":true,"showParticleSystems":true,"showVisualEffectGraphs":true,"m_FxEnabled":true},"in2DMode":false,"pivot":{"x":173.61607360839845,"y":228.7489776611328,"z":96.94390869140625},"rotation":{"x":-0.07972478121519089,"y":0.005080593284219503,"z":-0.00040824239840731025,"w":-0.996812641620636},"size":275.3432312011719,"orthographic":false}