{"cameraMode":{"drawMode":0,"name":"Shaded","section":"Shading Mode"},"sceneLighting":false,"audioPlay":false,"sceneViewState":{"m_AlwaysRefresh":false,"showFog":true,"showSkybox":false,"showFlares":true,"showImageEffects":true,"showParticleSystems":true,"showVisualEffectGraphs":true,"m_FxEnabled":true},"in2DMode":false,"pivot":{"x":0.29511746764183047,"y":1.8164738416671754,"z":0.4634826183319092},"rotation":{"x":-0.0707387700676918,"y":-0.01885451003909111,"z":0.0013347623171284795,"w":-0.9973277449607849},"size":2.239576816558838,"orthographic":false}