{"cameraMode":{"drawMode":0,"name":"Shaded","section":"Shading Mode"},"sceneLighting":false,"audioPlay":false,"sceneViewState":{"m_AlwaysRefresh":false,"showFog":true,"showSkybox":false,"showFlares":true,"showImageEffects":true,"showParticleSystems":true,"showVisualEffectGraphs":true,"m_FxEnabled":true},"in2DMode":false,"pivot":{"x":0.8246465921401978,"y":4.404882431030273,"z":19.35708236694336},"rotation":{"x":0.6237266063690186,"y":-0.0016432252014055849,"z":0.001310943509452045,"w":0.7816444039344788},"size":11.655048370361329,"orthographic":false}