{"cameraMode":{"drawMode":0,"name":"Shaded","section":"Shading Mode"},"sceneLighting":true,"audioPlay":false,"sceneViewState":{"m_AlwaysRefresh":false,"showFog":true,"showSkybox":true,"showFlares":true,"showImageEffects":true,"showParticleSystems":true,"showVisualEffectGraphs":true,"m_FxEnabled":true},"in2DMode":false,"pivot":{"x":-1.9408433437347413,"y":1.8156063556671143,"z":21.393089294433595},"rotation":{"x":-0.027295101433992387,"y":0.02908220700919628,"z":-0.0007948093698360026,"w":-0.9992074370384216},"size":14.74766731262207,"orthographic":false}