{"cameraMode":{"drawMode":0,"name":"Shaded","section":"Shading Mode"},"sceneLighting":true,"audioPlay":false,"sceneViewState":{"m_AlwaysRefresh":false,"showFog":true,"showSkybox":true,"showFlares":true,"showImageEffects":true,"showParticleSystems":true,"showVisualEffectGraphs":true,"m_FxEnabled":true},"in2DMode":false,"pivot":{"x":-1.527313232421875,"y":0.7170431613922119,"z":0.3412952423095703},"rotation":{"x":-0.23040787875652314,"y":0.05018308386206627,"z":-0.011901706457138062,"w":-0.9717388153076172},"size":6.230780124664307,"orthographic":false}