{"cameraMode":{"drawMode":0,"name":"Shaded","section":"Shading Mode"},"sceneLighting":true,"audioPlay":false,"sceneViewState":{"m_AlwaysRefresh":false,"showFog":true,"showSkybox":true,"showFlares":true,"showImageEffects":true,"showParticleSystems":true,"showVisualEffectGraphs":true,"m_FxEnabled":true},"in2DMode":false,"pivot":{"x":-0.8968527317047119,"y":1.1097767353057862,"z":0.2582334876060486},"rotation":{"x":0.012784778140485287,"y":0.7038089036941528,"z":-0.012670401483774186,"w":0.7101717591285706},"size":1.6855359077453614,"orthographic":true}